Name,Final
D1301,Abdomen Injury
D1302,Abdomen Wound
D750,Abdominal Hernia with Gangrene
D1310,Abdominal Injuries
D1307,Abdominal Organ Injury
D1192,Abdominal Pain
D1431,ABO Incompatibility
D1729,Abuse-Related Mental Health Services
D797,Acantholytic
D843,Acanthosis Nigricans
D168,Accessory Sinuses Cancer
D833,Acne
D288,Acquired Hemolytic Anemia
D933,Acquired Musculoskeletal Deformities
D289,Acquired Red Cell Aplasia
D31,Actinomycosis
D1671,Activity Codes
D741,Acute Appendicitis
D674,Acute Bronchiolitis
D673,Acute Bronchitis
D937,Acute C3 Glomerulonephritis
D476,Acute Demyelination
D605,Acute Endocarditis
D81,Acute Hepatitis A
D82,Acute Hepatitis B
D597,Acute Ischemic Heart
D953,Acute Kidney Failure
D660,Acute Laryngitis and Tracheitis
D793,Acute Lymphadenitis
D594,Acute Myocardial Infarction
D612,Acute Myocarditis
D781,Acute Pancreatitis
D602,Acute Pericarditis
D658,Acute Pharyngitis
D58,Acute Poliomyelitis
D946,Acute Pyelonephritis
D703,Acute Respiratory Distress Syndrome
D657,Acute Sinusitis
D659,Acute Tonsillitis
D823,Acute Ultraviolet Radiation Changes
D445,ADHD
D1676,Administrative Exam Encounter
D335,Adrenal Gland
D207,Adrenal Gland Cancer
D333,Adrenogenital
D921,Adult Osteomalacia
D431,Adult Personality
D1429,Adverse Effects Unspecified
D1714,Aftercare and Medical Care
D532,Age-Related Cataract
D1557,Agricultural Machinery Accident
D1512,Agricultural Vehicle Accident
D1589,Air Pressure Exposure
D1523,Air Transport Accident
D1406,Alcohol Toxicity
D389,Alcohol-Related
D769,Alcoholic Liver
D1375,Alimentary Tract Foreign Body
D1134,Alimentary Tract Malformations
D803,Allergic Contact Dermatitis
D828,Alopecia Areata
D472,Alzheimer's
D6,Amebiasis
D364,Amino-Acid and Fatty-Acid
D365,Amino-Acid Metabolism
D384,Amnestic
D1051,Amniotic
D1438,Amputation Complications
D376,Amyloidosis
D761,Anal and Rectal Abscesses
D760,Anal and Rectal Fissures and Fistulas
D1394,Analgesics Poisoning
D829,Androgenic Alopecia
D292,Anemia in Chronic
D1042,Anesthesia Complications
D1654,Anesthesiology Device Incident
D1396,Anesthetics Poisoning
D593,Angina Pectoris
D1417,Animal Venom Toxicity
D1508,Animal-Rider Accident
D1578,Animate Force Exposure
D1368,Ankle and Foot Amputation
D1382,Ankle and Foot Burns
D1367,Ankle and Foot Crushing
D1369,Ankle and Foot Injuries
D1361,Ankle and Foot Injury
D1366,Ankle and Foot Muscle Injury
D1365,Ankle and Foot Nerve Injury
D1364,Ankle and Foot Sprain
D1362,Ankle and Foot Wound
D1353,Ankle Fracture
D897,Ankylosing Spondylitis
D46,Anogenital Herpes
D1041,Antenatal Findings
D1056,Antepartum Hemorrhage
D15,Anthrax
D1392,Anti-infectives Poisoning
D1391,Antibiotics Poisoning
D307,Antibody Deficiency
D1686,Antimicrobial Resistance
D161,Anus and Anal Canal Cancer
D634,Aortic Aneurysm and Dissection
D290,Aplastic Anemia
D838,Apocrine Sweat
D1319,Arm Amputation
D1318,Arm Crushing Injury
D1313,Arm Fracture
D1320,Arm Injuries
D1317,Arm Muscle Injury
D1315,Arm Nerve Injury
D1316,Arm Vessel Injury
D363,Aromatic Amino-Acid
D640,Arterial
D637,Arterial Embolism and Thrombosis
D871,Arthropathies in Other
D70,Arthropod-Borne Viral Fever
D69,Arthropod-Borne Viral Fevers
D1753,Artificial Opening Status
D694,Asbestosis
D1200,Ascites
D102,Aspergillosis
D1424,Asphyxiation
D1630,Assault by Blunt Object
D1624,Assault by Drowning
D1628,Assault by Explosives
D1627,Assault by Firearm
D1625,Assault by Handgun
D1631,Assault by High Place Push
D1633,Assault by Physical Force
D1626,Assault by Rifle and Shotgun
D1629,Assault by Sharp Object
D1635,Assault by Specified Means
D1636,Assault by Unspecified Means
D1632,Assault by Vehicle Crash
D1634,Assault Perpetrator
D691,Asthma
D1691,Asymptomatic HIV Status
D638,Atheroembolism
D633,Atherosclerosis
D800,Atopic Dermatitis
D620,Atrial Fibrillation and Flutter
D850,Atrophic Skin
D59,Atypical Central Nervous System Viral Infections
D862,Autoinflammatory Syndromes
D1399,Autonomic Drug Poisoning
D509,Autonomic Nervous System
D1178,Autosomal Deletions
D136,Bacterial  Causes
D5,Bacterial Foodborne Intoxications
D36,Bacterial Infection Unspecified
D4,Bacterial Intestinal Infections
D452,Bacterial Meningitis
D788,Bariatric Surgery Complications
D996,Bartholin's Gland
D33,Bartonellosis
D468,Basal Ganglia
D141,Base of Tongue Cancer
D1533,Bed Fall
D1225,Behavior and Appearance
D245,Benign Bone Neoplasm
D262,Benign Brain Neoplasm
D253,Benign Breast Neoplasm
D241,Benign Colon Neoplasm
D242,Benign Digestive Neoplasm
D264,Benign Endocrine Neoplasm
D260,Benign Eye Neoplasm
D257,Benign Female Genital Neoplasm
D244,Benign Intrathoracic Neoplasm
D246,Benign Lipoma
D258,Benign Male Genital
D985,Benign Mammary Dysplasia
D261,Benign Meningeal Neoplasm
D248,Benign Mesothelial Neoplasm
D269,Benign Neuroendocrine Tumors
D239,Benign Oral Neoplasm
D256,Benign Ovarian Neoplasm
D249,Benign Peritoneal Neoplasm
D972,Benign Prostatic Hyperplasia
D243,Benign Respiratory Neoplasm
D240,Benign Salivary Gland Neoplasm
D252,Benign Skin Neoplasm
D250,Benign Soft Tissue Neoplasm
D263,Benign Thyroid Neoplasm
D265,Benign Unspecified Neoplasm
D259,Benign Urinary Neoplasm
D255,Benign Uterine Neoplasm
D1138,Bile Duct Malformations
D780,Biliary Tract
D164,Biliary Tract Cancer
D550,Binocular Movement
D936,Biomechanical Lesions
D407,Bipolar
D967,Bladder  in Other
D200,Bladder Cancer
D98,Blastomycosis
D553,Blindness and Low Vision
D1669,Blood Alcohol Evidence
D304,Blood and Blood-forming
D1255,Blood Chemistry
D1186,Blood Pressure Issues
D1254,Blood Substances
D1727,Blood Type
D1247,Blood Viscosity
D1520,Board Watercraft Accident
D1268,Body Imaging
D1728,Body Mass Index
D175,Bone Cancer
D922,Bone Continuity
D1163,Bone Growth Defects
D512,Brain
D513,Brain  in Other
D204,Brain Cancer
D1278,Brain Injury
D1104,Brain Malformations
D1086,Breast
D184,Breast Cancer
D235,Breast Carcinoma in Situ
D987,Breast Hypertrophy
D1267,Breast Imaging
D1085,Breast Infections
D986,Breast Inflammation
D1169,Breast Malformations
D990,Breast Reconstruction Deformity
D1189,Breathing Abnormalities
D402,Brief Psychotic
D692,Bronchiectasis
D686,Bronchitis
D171,Bronchus and Lung Cancer
D16,Brucellosis
D1540,Building Fall
D1591,Building Fire Exposure
D1570,Bumped by Person
D913,Bursopathies
D1504,Bus and Bus Collision
D1503,Bus and Car Collision
D1501,Bus and Cycle Collision
D1502,Bus and Motorcycle Collision
D1505,Bus and Object Collision
D1500,Bus and Pedestrian Collision
D1243,Cachexia
D353,Calcium Deficiency
D1682,Cancer Screening
D95,Candidiasis
D391,Cannabis-Related
D641,Capillary
D642,Capillary  in Other
D1474,Car and Bus Collision
D1473,Car and Car Collision
D1471,Car and Cycle Collision
D1472,Car and Motorcycle Collision
D1476,Car and Nonmotor Collision
D1477,Car and Object Collision
D1470,Car and Pedestrian Collision
D1475,Car and Train Collision
D367,Carbohydrate Metabolism
D1412,Carbon Monoxide Toxicity
D231,Carcinoma in Situ of Digestive Organs
D230,Carcinoma in Situ of Digestive Tract
D232,Carcinoma in Situ of Respiratory System
D238,"Carcinoma in Situ, Unspecified"
D618,Cardiac Arrest
D1117,Cardiac Chamber Malformations
D1433,Cardiac Device Complications
D1755,Cardiac Implant Presence
D1185,Cardiac Murmurs
D1118,Cardiac Septa Malformations
D614,Cardiomyopathy
D615,Cardiomyopathy in Other
D1655,Cardiovascular Device Incident
D1401,Cardiovascular Drug Poisoning
D1707,Care for Artificial Openings
D1734,Care Provider Dependency
D875,Carpometacarpal Joint Osteoarthritis
D1610,Cataclysmic Storm
D535,Cataract in Other
D792,Cellulitis and Acute Lymphangitis
D515,Central Nervous System
D205,Central Nervous System Cancer
D629,Cerebral Artery Occlusion
D627,Cerebral Infarction
D504,Cerebral Palsy
D631,Cerebrovascular  in Other
D1007,Cervical
D187,Cervical Cancer
D236,Cervical Carcinoma in Situ
D901,Cervical Disc
D1006,Cervical Dysplasia
D1005,Cervical Erosion
D993,Cervical Inflammation
D1078,Cesarean Delivery
D114,Chagas'
D1534,Chair Fall
D44,Chancroid
D700,Chemical Inhalation Respiratory Conditions
D1299,Chest Crushing Injury
D1294,Chest Dislocation
D1293,Chest Fracture
D1300,Chest Injuries
D1295,Chest Nerve Injury
D1298,Chest Organ Injury
D1296,Chest Vessel Injury
D73,Chickenpox
D450,Childhood Behavioral
D447,Childhood Emotional
D52,Chlamydia Psittaci Infections
D42,Chlamydial Lymphogranuloma
D778,Cholecystitis
D777,Cholelithiasis
D536,Chorioretinal Inflammation
D537,Choroid
D101,Chromomycosis
D1179,Chromosomal Rearrangements
D1183,Chromosome Abnormalities
D687,Chronic Bronchitis
D940,Chronic C3 Glomerulonephritis
D877,Chronic Gout
D772,Chronic Hepatitis
D1027,Chronic Hypertension
D598,Chronic Ischemic Heart
D954,Chronic Kidney
D683,Chronic Laryngitis
D690,Chronic Obstructive Pulmonary
D824,Chronic Radiation Skin Changes
D677,Chronic Rhinitis and Pharyngitis
D678,Chronic Sinusitis
D681,Chronic Tonsil
D947,Chronic Tubulo-Interstitial Nephritis
D856,Chronic Ulcer of Lower Limb
D84,Chronic Viral Hepatitis
D1191,Circulatory Respiratory Symptoms
D1125,Circulatory System Malformations
D654,Circulatory System Surgery Complications
D66,Classical Dengue Fever
D1131,Cleft Palate
D1542,Cliff Fall
D460,CNS  Sequelae
D1095,CNS Birth Injuries
D1265,CNS Imaging
D457,CNS Inflammation in Other
D294,Coagulation
D297,Coagulation Defects
D693,Coalworker's Pneumoconiosis
D393,Cocaine-Related
D96,Coccidioidomycosis
D1220,Cognitive Symptoms
D1530,Collision Fall
D158,Colon Cancer
D308,Combined Immunodeficiencies
D656,Common Cold
D1430,Compartment Syndrome
D623,Complicated Heart
D787,Complications of Digestive System Artificial Openings
D596,Complications Post-Myocardial Infarction
D1021,Conception Abnormalities
D446,Conduct
D616,Conduction
D1426,Confirmed Maltreatment
D1103,Congenital Hydrocephalus
D314,Congenital Iodine-Deficiency Syndrome
D1174,Congenital Malformations
D1154,Congenital Musculoskeletal Deformities
D1173,Congenital Syndromes
D37,Congenital Syphilis
D525,Conjunctiva
D524,Conjunctivitis
D892,Connective Tissue  in Other
D182,Connective Tissue Cancer
D1219,Consciousness Changes
D1513,Construction Vehicle Accident
D1651,Contaminated Medical Substances
D1696,Contraceptive Management
D960,Contracted Kidney
D1593,Controlled Fire Exposure
D1235,Convulsions
D1208,Coordination Lack
D1068,Cord Complications
D529,Cornea
D528,Corneal Scars and Opacities
D844,Corns and Callosities
D1408,Corrosive Substance Toxicity
D1188,Cough
D487,Cranial Nerve  in
D1276,Cranial Nerve Injury
D752,Crohn's
D661,Croup and Epiglottitis
D1571,Crowd Injury
D1550,Crushing Injury
D103,Cryptococcosis
D1259,CSF Findings
D332,Cushing's Syndrome
D791,Cutaneous Abscesses
D1448,Cycle and Animal Collision
D1452,Cycle and Bus Collision
D1451,Cycle and Car Collision
D1455,Cycle and Fixed Object Collision
D1450,Cycle and Motorcycle Collision
D1454,Cycle and Object Collision
D1453,Cycle and Train Collision
D1449,Cycle Collision
D375,Cystic Fibrosis
D1148,Cystic Kidney
D121,Cysticercosis
D964,Cystitis
D87,Cytomegalovirus
D878,Deformities of Fingers and Toes
D474,Degenerative  in Other
D385,Delirium
D1701,Delivery Outcome
D401,Delusional
D382,Dementia in Other
D67,Dengue Hemorrhagic Fever
D720,Dental Caries
D884,Dentofacial Anomalies
D1759,Dependence on Devices
D408,Depressive Episode
D1425,Deprivation Effects
D93,Dermatophytosis
D889,Dermatopolymyositis
D1241,Developmental Delays
D1710,Device Adjustment Encounter
D1757,Device Presence
D322,Diabetes from Underlying Condition
D802,Diaper Dermatitis
D749,Diaphragmatic Hernia
D166,Digestive Organ Cancer
D1261,Digestive Specimen Findings
D1201,Digestive Symptoms
D1139,Digestive System Malformations
D785,Digestive System Surgery Complications
D26,Diphtheria
D416,Dissociative
D1405,Diuretics Poisoning
D1221,Dizziness
D1726,Do Not Resuscitate Order
D1573,Dog Contact
D904,Dorsalgia
D1175,Down Syndrome
D1581,Drowning Unspecified
D1748,Drug Allergy Status
D323,Drug-Induced Diabetes
D950,Drug-Induced Tubulo-Interstitial
D735,Duodenal Ulcer
D1227,Dyslexia and Dysfunctions
D469,Dystonia
D1373,Ear Foreign Body
D1114,Ear Hearing Impairment
D578,Ear in Other
D1115,Ear Malformations
D576,Ear Pain and Effusion
D579,Ear Surgery Complications
D1034,Early Pregnancy Hemorrhage
D38,Early Syphilis
D1609,Earthquake
D419,Eating
D837,Eccrine Sweat
D120,Echinococcosis
D1032,Eclampsia
D1019,Ectopic Pregnancy
D1239,Edema
D1717,Education and Literacy Issues
D1324,Elbow Dislocation
D1321,Elbow Injury
D1583,Electric Current Exposure
D1582,Electric Line Exposure
D719,Embedded and Impacted Teeth
D1224,Emotional Symptoms
D689,Emphysema
D1718,Employment Problems
D456,Encephalitis and Myelitis
D1101,Encephalocele
D611,Endocarditis in Other
D340,Endocrine
D999,Endometriosis
D1603,Engine and Machinery Burn
D1656,ENT Device Incident
D865,Enteropathic Arthropathies
D284,Enzyme  Anemia
D1167,Epidermolysis Bullosa
D478,Epilepsy from External Causes
D34,Erysipelas
D18,Erysipeloid
D821,Erythema in Other
D818,Erythema Multiforme
D819,Erythema Nodosum
D647,Esophageal Varices
D731,Esophagitis
D155,Esophagus Cancer
D1133,Esophagus Malformations
D587,Essential Hypertension
D1687,Estrogen Receptor Status
D563,Eustachian Salpingitis and Obstruction
D564,Eustachian Tube
D1215,Excessive Urination
D806,Exfoliative Dermatitis
D1172,Exogenous Malformation Syndromes
D1690,Exposure to Communicable
D1387,Extensive Body Burns
D1388,Extensive Body Corrosions
D816,Extensive Erythematous Conditions
D1670,External Cause Location
D1673,External Cause Status
D558,External Ear
D559,External Ear  in Other
D12,Extra-Pulmonary TB
D470,Extrapyramidal
D555,Eye and Adnexa
D1111,Eye Anterior Malformations
D1383,Eye Burns
D202,Eye Cancer
D1372,Eye Foreign Body
D1277,Eye Injury
D1113,Eye Malformations
D1112,Eye Posterior Malformations
D1109,Eye Size
D556,Eye Surgery Complications
D521,Eyelid
D520,Eyelid Inflammation
D1108,Eyelid Malformations
D1116,Facial Malformations
D485,Facial Nerve
D296,Factor IX Deficiency
D295,Factor VIII Deficiency
D1024,Failed Abortion
D1060,Failed Labor Induction
D108,Falciparum Malaria
D1057,False Labor
D1740,Family History of Cancer
D1742,Family History of Chronic
D1744,Family History of Conditions
D1741,Family History of Mental
D1743,Family History of Specific
D1232,Fatigue
D1197,Fecal Incontinence
D1181,Female Chromosome Abnormalities
D191,Female Genital Cancer
D1263,Female Genital Specimens
D746,Femoral Hernia
D1343,Femur Fracture
D1017,Fertilization Issues
D1067,Fetal Acidosis
D1075,Fetal Heart Issues
D1049,Fetal Issues
D1045,Fetal Malpresentation
D1048,Fetal Musculoskeletal Anomalies
D1076,Fetal Stress
D914,Fibroblastic
D122,Filariasis
D1560,Firearm Discharge Injury
D1561,Firearm Malfunction
D1564,Firework Incident
D1594,Flammable Material Ignition
D1196,Flatulence Issues
D378,Fluid and Electrolyte Imbalance
D119,Fluke Infections
D282,Folate Deficiency Anemia
D835,Follicular Cysts
D217,Follicular Lymphoma
D1679,Follow-Up After Cancer Treatment
D1680,Follow-Up After Other Treatments
D1242,Food and Fluid Symptoms
D1416,Food Toxin
D1363,Foot and Toe Fracture
D1153,Foot Deformities
D1329,Forearm Amputation
D1328,Forearm Crushing Injury
D1323,Forearm Fracture
D1330,Forearm Injuries
D1327,Forearm Muscle Injury
D1325,Forearm Nerve Injury
D1326,Forearm Vessel Injury
D1322,Forearm Wound
D739,Functional Dyspepsia
D1756,Functional Implant Presence
D1269,Functional Studies
D1535,Furniture Fall
D1207,Gait Abnormalities
D163,Gallbladder Cancer
D779,Gallbladder Perforation
D783,"Gallbladder, Biliary Tract, and Pancreas  in Other"
D653,Gangrene
D1562,Gas Cylinder Explosion
D1413,Gas Toxicity
D734,Gastric Ulcer
D738,Gastritis and Duodenitis
D1657,Gastro-Uro Device Incident
D732,Gastroesophageal Reflux
D1402,Gastrointestinal Drug Poisoning
D737,Gastrojejunal Ulcer
D428,Gender Identity
D1674,General Exam Encounter
D1245,General Symptoms
D189,General Uterine Cancer
D1685,Genetic  Susceptibility
D1684,Genetic Carrier Status
D237,Genital Carcinoma in Situ
D1001,Genital Fistulae
D1142,Genital Malformations
D1013,Genital Pain
D1003,Genital Polyps
D1000,Genital Prolapse
D1434,Genitourinary Device Complications
D1218,Genitourinary Symptoms
D1376,Genitourinary Tract Foreign Body
D1703,Gestation Weeks
D723,Gingivitis and Periodontal
D17,Glanders and Melioidosis
D1552,Glass Injury
D542,Glaucoma
D543,Glaucoma in Other
D545,Globe
D945,Glomerular  in Other
D370,Glycoprotein Metabolism
D369,Glycosaminoglycan
D1257,Glycosuria
D41,Gonococcal Infection
D867,Gout
D852,Granulomatous Skin
D1122,Great Arteries Malformations
D1123,Great Veins Malformations
D724,Gum
D143,Gum Cancer
D395,Hallucinogen-Related
D1339,Hand Amputation
D1380,Hand and Wrist Burns
D1338,Hand Crushing Injury
D1333,Hand Fracture
D1340,Hand Injuries
D1337,Hand Muscle Injury
D1335,Hand Nerve Injury
D1554,Hand Tool Injury
D1336,Hand Vessel Injury
D1332,Hand Wound
D1559,Handgun Discharge Injury
D721,Hard Tissue Tooth
D1737,Hazardous Exposures
D1280,Head Amputation
D1377,Head and Neck Burns
D1279,Head Crushing Injury
D1275,Head Dislocation
D1281,Head Injuries
D1272,Head Injury
D1273,Head Wound
D1230,Headache
D1736,Health Services Encounters
D1731,Health Services for Counseling
D574,Hearing Loss
D173,Heart and Mediastinum Cancer
D622,Heart Failure
D1297,Heart Injury
D1121,Heart Malformations
D1184,Heartbeat Abnormalities
D1194,Heartburn
D1420,Heat and Light Effects
D1605,Heat Contact
D1602,Heating Appliance Burn
D1494,Heavy Vehicle and Bus Collision
D1493,Heavy Vehicle and Car Collision
D1491,Heavy Vehicle and Cycle Collision
D1492,Heavy Vehicle and Motorcycle Collision
D1496,Heavy Vehicle and Nonmotor Collision
D1497,Heavy Vehicle and Object Collision
D1490,Heavy Vehicle and Pedestrian Collision
D1495,Heavy Vehicle and Train Collision
D127,Helminthiases
D247,Hemangioma
D1400,Hematological Agent Poisoning
D229,Hematopoietic Neoplasms
D1211,Hematuria
D505,Hemiplegia and Hemiparesis
D764,Hemorrhoids and Perianal Thrombosis
D771,Hepatic Failure
D462,Hereditary Ataxia
D287,Hereditary Hemolytic Anemias
D944,Hereditary Nephropathy with C3 Glomerulonephritis
D494,Hereditary Neuropathy
D72,Herpes Simplex Infections
D74,Herpes Zoster
D1249,High Blood Glucose
D1620,High-Place Jump Suicide
D1026,High-Risk Pregnancy
D1349,Hip Amputation
D1348,Hip Crushing Injury
D1152,Hip Deformities
D1344,Hip Dislocation
D1341,Hip Injury
D1345,Hip Nerve Injury
D873,Hip Osteoarthritis
D1346,Hip Vessel Injury
D97,Histoplasmosis
D86,HIV
D1251,HIV Lab Evidence
D216,Hodgkin Lymphoma
D123,Hookworm
D519,Hordeolum and Chalazion
D1393,Hormonal Drug Poisoning
D1689,Hormone Sensitivity Status
D1658,Hospital Device Incident
D1672,Hospital-Acquired Condition
D1597,Hot Drink Contact
D1599,Hot Fluid Contact
D1604,Hot Metal Contact
D1598,Hot Water Contact
D1601,Household Appliance Burn
D1720,Housing and Economic Issues
D461,Huntington's
D1020,Hydatidiform Mole
D975,Hydrocele and Spermatocele
D510,Hydrocephalus
D334,Hyperaldosteronism
D361,Hyperalimentation
D362,Hyperalimentation Sequelae
D1240,Hyperhidrosis
D699,Hypersensitivity Pneumonitis
D1028,Hypertension with Preeclampsia
D589,Hypertensive Chronic Kidney
D592,Hypertensive Crisis
D588,Hypertensive Heart
D590,Hypertensive Heart and Kidney
D832,Hypertrichosis
D851,Hypertrophic Skin
D328,Hypoparathyroidism
D153,Hypopharynx Cancer
D1144,Hypospadias
D652,Hypotension
D1421,Hypothermia
D1528,Ice and Snow Fall
D1166,Ichthyosis
D663,Identified Influenza Viruses Infection
D209,Ill-defined Cancer Sites
D313,Immune Mechanism
D1693,Immunization Encounter
D1694,Immunization Status
D1252,Immunological Findings
D222,Immunoproliferative
D959,Impaired Renal Tubular Function
D790,Impetigo
D1709,Implanted Device Adjustment
D427,Impulse
D1146,Indeterminate Sex
D1511,Industrial Vehicle Accident
D1244,Infection Signs
D1692,Infectious  Carrier
D1681,Infectious  Screening
D135,Infectious  Sequelae
D89,Infectious Mononucleosis
D1016,Infertility
D131,Infestations
D495,Inflammatory Polyneuropathy
D745,Inguinal Hernia
D397,Inhalant-Related
D573,Inner Ear
D1411,Inorganic Substance Toxicity
D1576,Insect Bite
D1170,Integument Malformations
D1385,Internal Organ Burns
D807,Internally Caused Dermatitis
D706,Interstitial Lung
D902,Intervertebral Disc
D757,Intestinal Diverticular
D784,Intestinal Malabsorption
D126,Intestinal Parasitism
D755,Intestinal Vascular
D8,Intestinal Viral Infections
D1137,Intestine Malformations
D458,Intracranial Abscess
D459,Intracranial Thrombophlebitis
D1018,Intraoperative and postprocedural Complications
D1066,Intrapartum Hemorrhage
D1206,Involuntary Movements
D315,Iodine-Deficiency Thyroid
D1584,Ionizing Radiation Exposure
D530,Iridocyclitis
D531,Iris and Ciliary Body
D280,Iron Deficiency Anemia
D1011,Irregular Menstruation
D758,Irritable Bowel Syndrome
D804,Irritant Contact Dermatitis
D943,Isolated Proteinuria with C3 Glomerulonephritis
D1199,Jaundice
D885,Jaw
D860,Joint Infections in Other
D866,Juvenile Arthritis
D929,Juvenile Osteochondrosis
D179,Kaposi's Sarcoma
D527,Keratitis
D846,Keratoderma in Other
D963,Kidney and Ureter  in Other
D956,Kidney and Ureter Calculus
D197,Kidney Cancer
D1150,Kidney Malformations
D1147,Kidney Reduction
D1354,Knee Dislocation
D1351,Knee Injury
D881,Knee Internal Derangement
D874,Knee Osteoarthritis
D341,Kwashiorkor
D893,Kyphosis and Lordosis
D1061,Labor Abnormalities
D1073,Labor Anesthesia Issues
D1074,Labor Complications
D522,Lacrimal System
D366,Lactose Intolerance
D1538,Ladder Fall
D1136,Large Intestine Malformations
D169,Larynx Cancer
D1127,Larynx Malformations
D1058,Late Pregnancy
D39,Late Syphilis
D1555,Lawn Mower Injury
D1358,Leg Crushing Injury
D1357,Leg Muscle Injury
D1355,Leg Nerve Injury
D1356,Leg Vessel Injury
D1646,Legal Intervention
D112,Leishmaniasis
D534,Lens
D1110,Lens Malformations
D21,Leprosy
D19,Leptospirosis
D814,Lichen Planus
D808,Lichen Simplex Chronicus
D1733,Life Management Issues
D1732,Lifestyle Problems
D1551,Lifting Device Contact
D174,Limb Bone Cancer
D1749,Limb Loss
D1160,Limb Malformations
D729,Lip and Oral Mucosa
D140,Lip Cancer
D154,"Lip, Oral, Pharynx Cancer"
D371,Lipoprotein and Lipid
D23,Listeriosis
D776,Liver  in Other
D162,Liver and Bile Ducts Cancer
D773,Liver Fibrosis and Cirrhosis
D795,Local Skin Infections
D359,Localized Adiposity
D854,Localized Connective Tissue
D1062,Long Labor
D1739,Long-term Drug Therapy
D1359,Lower Leg Amputation
D1360,Lower Leg Injuries
D1352,Lower Leg Wound
D1381,Lower Limb Burns
D1159,Lower Limb Defects
D916,Lower Limb Enthesopathies
D491,Lower Limb Mononeuropathies
D957,Lower Urinary Tract Calculus
D1305,Lumbar Nerve Injury
D707,Lung and Mediastinum Abscess
D1266,Lung Imaging
D1129,Lung Malformations
D853,Lupus Erythematosus
D1238,Lymph Node Enlargement
D650,Lymphadenitis
D651,Lymphatic Vessel
D224,Lymphoid Leukemia
D305,Lymphoreticular
D1558,Machinery Accident
D309,Major Immunodeficiency
D1182,Male Chromosome Abnormalities
D983,Male Erectile Dysfunction
D196,Male Genital Cancer
D981,Male Genital Inflammation
D1145,Male Genital Malformations
D1262,Male Genital Specimens
D978,Male Infertility
D358,Malnutrition Sequelae
D1063,Malpositioned Labor
D1574,Mammal Contact
D1588,Man-Made Cold Exposure
D1590,Man-Made Environmental Exposure
D1587,Man-Made Heat Exposure
D406,Manic Episode
D1575,Marine Animal Contact
D277,Mast Cell Neoplasms
D565,Mastoiditis and Related Conditions
D1565,Material Explosion
D1089,Maternal
D1033,Maternal Hypertension
D1088,Maternal Infectious
D75,Measles
D1568,Mechanical Force Exposure
D1652,Medical Care Misadventures
D1735,Medical Facility Issues
D1751,Medical Noncompliance
D1677,Medical Observation Encounter
D1668,Medical Procedure Complication
D1752,Medical Treatment History
D1650,Medication Dosage Failure
D251,Melanocytic Nevi
D233,Melanoma in Situ
D203,Meninges Cancer
D453,Meningitis in Bacterial
D454,Meningitis in Parasitic
D28,Meningococcal Infection
D1014,Menopausal
D183,Merkel Cell Carcinoma
D178,Mesothelioma
D1410,Metal Toxicity
D303,Methemoglobinemia
D1102,Microcephaly
D569,Middle Ear and Mastoid
D570,Middle Ear and Mastoid in Other
D566,Middle Ear Cholesteatoma
D479,Migraine
D433,Mild Intellectual Disabilities
D13,Miliary TB
D1648,Military Operations
D374,Mineral Metabolism
D434,Moderate Intellectual Disabilities
D344,Moderate Protein-Calorie Malnutrition
D226,Monocytic Leukemia
D493,Mononeuropathy in
D60,Mosquito-Borne Viral Encephalitis
D68,Mosquito-Borne Viral Fevers
D441,Motor Function
D1458,Motorcycle and Animal Collision
D1462,Motorcycle and Bus Collision
D1461,Motorcycle and Car Collision
D1459,Motorcycle and Cycle Collision
D1460,Motorcycle and Motorcycle Collision
D1464,Motorcycle and Nonmotor Collision
D1465,Motorcycle and Object Collision
D1463,Motorcycle and Train Collision
D146,Mouth Cancer
D144,Mouth Floor Cancer
D471,Movement  in Other
D1621,Moving Object Suicide
D1544,Multi-Level Fall
D1044,Multiple Birth Issues
D1043,Multiple Gestation
D1370,Multiple Injuries
D223,Multiple Myeloma
D475,Multiple Sclerosis
D585,Multiple Valve
D88,Mumps
D908,Muscle  in Other
D906,Muscle Calcification and Ossification
D1403,Muscular Drug Poisoning
D1155,Musculoskeletal Deformities
D1165,Musculoskeletal Malformations
D934,Musculoskeletal System Surgery Complications
D500,Myasthenia Gravis and Related
D105,Mycetoma
D106,Mycoses
D276,Myelodysplastic Syndromes
D225,Myeloid Leukemia
D130,Myiasis
D613,Myocarditis in Other
D503,myoneural and Muscle  in Other
D905,Myositis
D827,Nail
D1395,Narcotics Poisoning
D680,Nasal
D167,Nasal and Middle Ear Cancer
D679,Nasal Polyp
D1509,Nasopharynx Cancer
D1607,Natural Cold Exposure
D1606,Natural Heat Exposure
D1580,Natural Water Drowning
D1193,Nausea and Vomiting
D1289,Neck Crushing Injury
D1285,Neck Dislocation
D1284,Neck Fracture
D1290,Neck Injuries
D1282,Neck Injury
D1288,Neck Muscle Injury
D1286,Neck Nerve Injury
D1287,Neck Vessel Injury
D1283,Neck Wound
D887,Necrotizing Vasculopathies
D1567,Needle Contact
D941,Nephrotic Syndrome with C3 Glomerulonephritis
D489,Nerve Compression in
D488,Nerve Root
D518,Nervous System  in Other
D1107,Nervous System Malformations
D516,Nervous System Surgery Complications
D1209,Nervous System Symptoms
D11,Nervous System TB
D213,Neuroendocrine Tumors
D1659,Neurological Device Incident
D965,Neuromuscular Bladder Dysfunction
D299,Neutropenia
D300,Neutrophil
D1099,Newborn Cerebral Disturbances
D1092,Newborn Delivery Complications
D1096,Newborn Emphysema
D1094,Newborn Low Birth Weight
D1091,Newborn Maternal Complications
D1097,Newborn Respiratory
D1098,Newborn Skin Conditions
D1093,Newborn Toxins
D348,Niacin Deficiency (Pellagra)
D396,Nicotine Dependence
D1595,Nightwear Ignition
D32,Nocardiosis
D420,non physiological Sleep
D218,Non-Follicular Lymphoma
D220,Non-Hodgkin Lymphoma
D1716,Non-Performed Procedure Encounter
D424,Non-Psychoactive Substance Abuse
D1705,Non-Remedial Procedure Encounter
D508,Non-Specific Pain
D1506,Noncollision Bus Accident
D1478,Noncollision Car Accident
D1456,Noncollision Cycle Accident
D1498,Noncollision Heavy Vehicle Accident
D1466,Noncollision Motorcycle Accident
D1488,Noncollision Pickup Accident
D1469,Noncollision Three-Wheeled Accident
D754,Noninfective Gastroenteritis and Colitis
D976,Noninflammatory Testis
D1586,Nonionizing Radiation Exposure
D607,Nonrheumatic Aortic Valve
D606,Nonrheumatic Mitral Valve
D609,Nonrheumatic Pulmonary Valve
D608,Nonrheumatic Tricuspid Valve
D560,Nonsuppurative Otitis Media
D318,Nontoxic Goiter
D1516,Nontraffic Accident Unspecified
D918,Nontraumatic Compartment Syndrome
D625,Nontraumatic Intracerebral Hemorrhage
D624,Nontraumatic Subarachnoid Hemorrhage
D49,Nonvenereal Syphilis
D1700,Normal Pregnancy Supervision
D1126,Nose Malformations
D283,Nutritional Anemias
D357,Nutritional Deficiencies
D342,Nutritional Marasmus
D554,Nystagmus and Eye Movement
D1660,OB-GYN Device Incident
D1566,Object Entry Through Skin
D1547,Object Impact
D1549,Object Struck Injury
D1678,Observation for Other Reasons
D414,Obsessive-Compulsive
D1082,Obstetric Embolism
D1070,Obstetric Trauma
D24,Obstetrical Tetanus
D1065,Obstructed Labor
D949,Obstructive and Reflux Uropathy
D1719,Occupational Risk Exposure
D601,of Pulmonary Vessels
D1514,Off-Road Vehicle Accident
D1661,Ophthalmic Device Incident
D390,Opioid-Related
D547,Optic Nerve
D546,Optic Neuritis
D726,Oral Cysts
D1132,Oral Malformations
D523,Orbital
D977,Orchitis and Epididymitis
D1715,Organ and Tissue Donors
D1198,Organ Enlargement
D1750,Organ Loss
D1264,Organ Specimen Findings
D698,Organic Dust Airway
D150,Oropharynx Cancer
D1711,Orthopedic Aftercare
D1435,Orthopedic Device Complications
D1663,Orthopedic Device Incident
D1164,Osteochondrodysplasias
D924,Osteomyelitis
D925,Osteonecrosis
D928,Osteopathies in Other
D919,Osteoporosis with Fracture
D920,Osteoporosis without Fracture
D83,Other Acute Hepatitis
D293,Other Anemias
D635,Other Aneurysms
D762,Other Anus and Rectum
D413,Other Anxiety
D742,Other Appendicitis
D744,Other Appendix
D870,Other Arthritis
D349,Other B Vitamin Deficiencies
D35,Other Bacterial
D137,Other Bacterial  Causes
D669,Other Bacterial Pneumonia
D966,Other Bladder
D927,Other Bone
D923,Other Bone density and structure
D989,Other Breast
D799,Other Bullous
D621,Other Cardiac Arrhythmias
D617,Other Cardiac Conduction
D932,Other Cartilage
D533,Other Cataracts
D65,Other Central Nervous System Viral Infections
D630,Other Cerebrovascular
D53,Other Chlamydial
D43,Other Chlamydial STDs
D655,Other Circulatory System
D891,Other Connective Tissue Involvement
D486,Other Cranial Nerve
D868,Other Crystal Arthropathies
D896,Other Deforming Dorsopathies
D473,Other Degenerative CNS
D477,Other Demyelinating
D786,Other Digestive System
D903,Other Dorsopathies
D577,Other Ear
D208,Other Endocrine Cancer
D917,Other Enthesopathies
D845,Other Epidermal Thickening
D820,Other Erythematous Conditions
D733,Other Esophagus
D836,Other Follicular
D759,Other Functional Intestinal
D480,Other Headache Syndromes
D80,Other Human Herpesviruses
D317,Other Hypothyroidism
D311,Other Immunodeficiencies
D670,Other Infectious Organism Pneumonia
D774,Other Inflammatory Liver
D898,Other Inflammatory Spondylopathies
D664,Other Influenza Virus Infection
D437,Other Intellectual Disabilities
D763,Other Intestinal
D626,Other Intracranial Hemorrhages
D883,Other Joint
D930,Other Juvenile Osteochondrosis
D962,Other Kidney and Ureter
D879,Other Limb Deformities
D775,Other Liver
D984,Other Male Sexual Dysfunction
D379,Other Metabolic
D492,Other Mononeuropathies
D907,Other Muscle
D22,Other Mycobacteria Infections
D830,Other Non-Scarring Hair Loss
D404,Other Non-Substance Psychotic
D418,Other Nonpsychotic Mental
D356,Other Nutrient Deficiencies
D876,Other Osteoarthritis
D931,Other Osteochondropathies
D782,Other Pancreas
D815,Other Papulosquamous
D507,Other Paralytic Syndromes
D994,Other Pelvic Inflammatory
D980,Other Penis
D603,Other Pericardium
D766,Other Peritoneum
D841,Other Pigmentation
D696,Other Pneumoconiosis
D496,Other Polyneuropathies
D974,Other Prostate
D1436,Other Prosthetic Complications
D1725,Other Psychosocial Problems
D600,Other Pulmonary Heart
D716,Other Respiratory
D540,Other Retinal
D586,Other Rheumatic Heart
D864,Other Rheumatoid Arthritis
D57,Other Rickettsioses
D1623,Other Self-Harm Methods
D30,Other Sepsis
D430,Other Sexual
D857,Other Skin and Subcutaneous
D900,Other Spondylopathies
D549,Other Strabismus
D398,Other Substance-Related
D1525,Other Transport Accident
D1177,Other Trisomies
D951,Other Tubulo-Interstitial
D970,Other Urethra
D971,Other Urinary System
D649,Other Vein
D91,Other Viral
D62,Other Viral Encephalitis
D352,Other Vitamin Deficiencies
D1521,Other Water Transport Accident
D557,Otitis Externa
D562,Otitis Media in Other
D571,Otosclerosis
D1592,Outdoor Fire Exposure
D1002,Ovarian
D190,Ovarian Cancer
D336,Ovarian Dysfunction
D1140,Ovarian Malformations
D1611,Overexertion Injury
D360,Overweight and Obesity
D926,Paget's  of Bone
D1231,Pain
D1210,Painful Urination
D145,Palate Cancer
D165,Pancreas Cancer
D327,Pancreatic Secretion
D99,Paracoccidioidomycosis
D756,Paralytic Ileus and Intestinal Obstruction
D548,Paralytic Strabismus
D429,Paraphilias
D506,Paraplegia and Quadriplegia
D812,Parapsoriasis
D132,Parasitic
D329,Parathyroid
D466,Parkinson's
D619,Paroxysmal Tachycardia
D880,Patella
D1443,Pedestrian and Car Collision
D1441,Pedestrian and Cycle Collision
D1442,Pedestrian and Motorcycle Collision
D1446,Pedestrian and Nonmotor Collision
D1445,Pedestrian and Train Collision
D1444,Pedestrian and Vehicle Collision
D1440,Pedestrian Conveyance Accident
D128,Pediculosis
D995,Pelvic  in Other
D1309,Pelvic Crushing Injury
D1046,Pelvic Disproportion
D1064,Pelvic Obstruction
D1047,Pelvic Organ Abnormality
D1308,Pelvic Organ Injury
D1304,Pelvis Dislocation
D1306,Pelvis Vessel Injury
D798,Pemphigoid
D796,Pemphigus
D193,Penis Cancer
D736,Peptic Ulcer
D604,Pericarditis in Other
D1100,Perinatal Conditions
D1069,Perineal Laceration
D180,Peripheral Nerve Cancer
D498,Peripheral Nervous System
D636,Peripheral Vascular
D935,Periprosthetic Fracture
D767,Peritoneum  in Infectious
D765,Peritonitis
D682,Peritonsillar Abscess
D410,Persistent Mood
D1569,Person Hit Injury
D1746,Personal  History
D1745,Personal Cancer History
D1747,Personal Health History
D387,Personality  due to Physiology
D442,Pervasive Developmental
D1414,Pesticide Toxicity
D1171,Phakomatoses
D643,Phlebitis and Thrombophlebitis
D412,Phobic Anxiety
D1233,Physical Debility
D1664,Physical Medicine Device Incident
D386,Physiological Condition Mental
D1484,Pickup and Bus Collision
D1483,Pickup and Car Collision
D1481,Pickup and Cycle Collision
D1482,Pickup and Motorcycle Collision
D1486,Pickup and Nonmotor Collision
D1487,Pickup and Object Collision
D1480,Pickup and Pedestrian Collision
D1485,Pickup and Train Collision
D794,Pilonidal Cyst and Sinus
D331,Pituitary Gland
D330,Pituitary Gland Hyperfunction
D813,Pityriasis Rosea
D192,Placenta Cancer
D1054,Placenta Previa
D1053,Placental
D1055,Placental Abruption
D1577,Plant Thorn Injury
D1253,Plasma Proteins
D1536,Playground Fall
D713,Pleural Conditions
D709,Pleural Effusion
D710,Pleural Effusion in Other
D711,Pleural Plaque
D116,Pneumocystosis
D668,Pneumonia by Hemophilus influenzae
D667,Pneumonia by Streptococcus
D671,Pneumonia in Other
D701,Pneumonitis from Solids and Liquids
D712,Pneumothorax and Air Leak
D134,Polio Sequelae
D886,Polyarteritis Nodosa
D275,Polycythemia Vera
D1156,Polydactyly
D338,Polyglandular Dysfunction
D1050,Polyhydramnios
D497,Polyneuropathy in Other
D499,Polyneuropathy Sequelae
D872,Polyosteoarthritis
D1579,Pool Drowning
D373,Porphyrin and Bilirubin
D644,Portal Vein Thrombosis
D1023,Post-Abortion Complications
D1706,Post-Medical Procedure Surgery
D1025,Post-Molar Complications
D291,Posthemorrhagic Anemia
D861,Postinfective Arthropathies
D1702,Postpartum Care
D1071,Postpartum Hemorrhage
D465,Postpolio Syndrome
D1712,Postprocedural Aftercare
D380,Postprocedural Metabolic
D1758,Postprocedural States
D1524,powered aircraft Accident
D1556,Powered Tool Injury
D1522,Powered watercraft Accident
D628,Precerebral Artery Occlusion
D1031,Preeclampsia
D1698,Pregnancy and Childbirth Education
D1040,Pregnancy Care
D1087,Pregnancy Complications
D1038,Pregnancy Diabetes
D1029,Pregnancy Edema
D1036,Pregnancy Hemorrhoids
D1030,Pregnancy Hypertension
D1037,Pregnancy Infections
D1015,Pregnancy Loss
D1039,Pregnancy Malnutrition
D1090,Pregnancy Trauma
D1035,Pregnancy Vomiting
D1699,Pregnant State
D979,Prepuce
D1423,Pressure Effects
D849,Pressure Ulcer
D1563,Pressurized Explosion
D1059,Preterm Labor
D501,Primary Muscle
D1432,Procedural Complications
D1697,Procreative Management
D436,Profound Intellectual Disabilities
D1695,Prophylactic Measures Encounter
D1704,Prophylactic Surgery Encounter
D194,Prostate Cancer
D973,Prostate Inflammation
D1708,Prosthetic Device Fitting
D1256,Proteinuria
D117,Protozoal
D7,Protozoal Intestinal
D809,Pruritus
D811,Psoriasis
D443,Psychological Development
D423,Psychological Factors in Physical
D1724,Psychosocial Circumstance Problems
D1398,Psychotropic Drug Poisoning
D1083,Puerperal Anesthesia
D1081,Puerperal Hemorrhoids
D1080,Puerperal Infections
D1079,Puerperal Sepsis
D1084,Puerperium Complications
D422,Puerperium Mental
D704,Pulmonary Edema
D599,Pulmonary Embolism
D705,Pulmonary Eosinophilia
D722,Pulp and Periapical Tissue
D372,Purine and Pyrimidine
D298,Purpura Conditions
D848,Pyoderma Gangrenosum
D859,Pyogenic Arthritis
D708,Pyothorax
D152,Pyriform Sinus Cancer
D56,Q Fever
D1419,Radiation Sickness
D826,Radiation-Related Skin
D825,Radiodermatitis
D1662,Radiological Device Incident
D151,Railway Occupant Accident
D938,Rapidly Progressive C3 Glomerulonephritis
D159,Rectosigmoid Junction Cancer
D160,Rectum Cancer
D939,Recurrent Hematuria with C3 Glomerulonephritis
D409,Recurrent Major Depression
D1248,Red Cell Abnormalities
D1422,Reduced Temperature Effects
D1214,Reduced Urination
D551,Refraction and Accommodation
D50,Relapsing Fevers
D1713,Renal Dialysis Care
D198,Renal Pelvis Cancer
D717,Respiratory  in Other
D702,Respiratory Conditions from External Agents
D715,Respiratory Failure
D1187,Respiratory Hemorrhage
D1130,Respiratory Malformations
D1260,Respiratory Specimen Findings
D714,Respiratory System Surgery Complications
D10,Respiratory TB
D1384,Respiratory Tract Burns
D1374,Respiratory Tract Foreign Body
D1688,Retained Foreign Body
D1072,Retained Placenta
D541,Retinal  in Other
D538,Retinal Detachments and Breaks
D539,Retinal Vascular Occlusions
D768,Retroperitoneum
D181,Retroperitoneum Cancer
D583,Rheumatic Aortic Valve
D581,Rheumatic Fever with Heart Involvement
D580,Rheumatic Fever without Heart Involvement
D582,Rheumatic Mitral Valve
D584,Rheumatic Tricuspid Valve
D863,Rheumatoid Arthritis with Factor
D1572,Rodent Contact
D834,Rosacea
D76,Rubella
D1052,Ruptured Membranes
D727,Salivary Gland
D148,Salivary Gland Cancer
D2,Salmonella Infections
D991,Salpingitis and Oophoritis
D312,Sarcoidosis
D129,Scabies
D1539,Scaffolding Fall
D1010,Scarce Menstruation
D831,Scarring Hair Loss
D118,Schistosomiasis
D403,Schizoaffective
D399,Schizophrenia
D400,Schizotypal
D440,Scholastic Skills
D526,Sclera
D894,Scoliosis
D1683,Screening
D1415,Seafood Toxin
D801,Seborrheic Dermatitis
D842,Seborrheic Keratosis
D212,Secondary General Cancer
D591,Secondary Hypertension
D210,Secondary Lymph Node Cancer
D214,Secondary Neuroendocrine Tumors
D467,Secondary Parkinsonism
D211,Secondary Respiratory Cancer
D392,Sedative and Hypnotic
D1397,Sedatives Poisoning
D354,Selenium Deficiency
D1619,Self-Harm by Blunt Object
D1613,Self-Harm by Drowning
D1616,Self-Harm by Fire
D1615,Self-Harm by Firearm
D1614,Self-Harm by Handgun
D1618,Self-Harm by Sharp Object
D1617,Self-Harm by Steam
D1223,Sensory Perceptions
D639,Septic Arterial Embolism
D632,Sequelae of Cerebrovascular
D1250,Serum Enzymes
D1390,Severe Frostbite
D435,Severe Intellectual Disabilities
D343,Severe Protein-Calorie Malnutrition
D1730,Sexual Attitude Counseling
D421,Sexual Dysfunction
D1217,"Sexual Dysfunction,unspecified"
D47,Sexually Transmitted
D1553,Sharp Object Contact
D3,Shigellosis
D1236,Shock
D1314,Shoulder Dislocation
D1311,Shoulder Injury
D915,Shoulder Lesions
D286,Sickle-cell
D695,Silicosis
D858,Skin  in Other
D177,Skin Cancer
D234,Skin Carcinoma in Situ
D1205,Skin Changes
D1168,Skin Malformations
D176,Skin Melanoma
D1203,Skin Rash
D1202,Skin Sensation Issues
D839,Skin Surgery Complications
D1204,Skin Swelling
D855,Skin-Limited Vasculitis
D1274,Skull Fracture
D1161,Skull Malformations
D483,Sleep
D157,Small Intestine Cancer
D1135,Small Intestine Malformations
D961,Small Kidney of Unknown Cause
D1222,Smell and Taste Issues
D1596,Smoke and Fire Exposure
D1409,Soap and Detergent Toxicity
D1721,Social Environment Issues
D448,Social Functioning
D912,Soft Tissue  Due to Use
D1407,Solvent Toxicity
D417,Somatoform
D1675,Special Exam Encounter
D882,Specific Joint Derangements
D426,Specific Personality
D326,Specified Diabetes
D1612,Specified Exposure
D1738,Specified Health Status
D227,Specified Leukemia
D110,Specified Malaria
D1526,Specified Transport Accidents
D439,Speech and Language
D1226,Speech Issues
D368,Sphingolipid
D1105,Spina Bifida
D514,Spinal Cord
D1106,Spinal Malformations
D463,Spinal Muscular Atrophy
D895,Spinal Osteochondrosis
D1303,Spine Fracture
D1162,Spine Malformations
D51,Spirochetal Infections
D302,Spleen
D306,Spleen Procedure Complications
D899,Spondylosis
D1022,Spontaneous Abortion
D100,Sporotrichosis
D1548,Sports Equipment Injury
D55,Spotted Fever
D1537,Stairs Fall
D789,Staphylococcal Scalded Skin Syndrome
D1600,Steam Contact
D394,Stimulant-Related
D740,Stomach and Duodenum
D156,Stomach Cancer
D728,Stomatitis
D1510,Streetcar Occupant Accident
D29,Streptococcal Sepsis
D415,Stress and Adjustment
D124,Strongyloidiasis
D316,Subclinical Iodine-Deficiency Hypothyroidism
D595,Subsequent Myocardial Infarction
D822,Sunburn
D1608,Sunlight Exposure
D1389,Superficial Frostbite
D94,Superficial Mycoses
D1723,Support Group Issues
D1531,Supported Fall
D561,Suppurative Otitis Media
D1665,Surgery Device Incident
D1439,Surgical Complications
D1667,Surgical Procedure Complication
D1428,Suspected Maltreatment
D1195,Swallowing
D1234,Syncope
D1157,Syndactyly
D909,Synovitis and Tenosynovitis
D911,Synovium and Tendon
D910,Synovium and Tendon Rupture
D464,Systemic Atrophies in Other
D888,Systemic Lupus Erythematosus
D890,Systemic Sclerosis
D221,T/NK-cell Lymphoma
D219,T/NK-cell Lymphomas
D133,TB Sequelae
D725,Teeth and Supporting Structures
D1649,Terrorism
D1143,Testicle
D337,Testicular Dysfunction
D195,Testis Cancer
D25,Tetanus
D285,Thalassemia
D347,Thiamine Deficiency
D1350,Thigh Injuries
D1347,Thigh Muscle Injury
D1342,Thigh Wound
D1291,Thorax Injury
D1292,Thorax Wound
D1468,Three-Wheeled Vehicle and Object Collision
D1190,Throat and Chest Pain
D339,Thymus
D172,Thymus Cancer
D321,Thyroid
D206,Thyroid Cancer
D320,Thyroiditis
D319,Thyrotoxicosis (Hyperthyroidism)
D449,Tic
D61,Tick-Borne Viral Encephalitis
D730,Tongue
D142,Tongue Cancer
D149,Tonsil Cancer
D718,Tooth Development
D1404,Topical Drug Poisoning
D511,Toxic Encephalopathy
D770,Toxic Liver
D115,Toxoplasmosis
D170,Trachea Cancer
D1128,Trachea Malformations
D1515,Traffic Accident Unspecified
D847,Transepidermal Elimination
D481,Transient Ischemic Attacks
D1437,Transplant Complications
D1754,Transplanted Organ Status
D1541,Tree Fall
D45,Trichomoniasis
D125,Trichuriasis
D484,Trigeminal Nerve
D1545,Tripping and Stumbling
D1529,Tripping Fall
D1176,Trisomy
D1378,Trunk Burns
D113,Trypanosomiasis
D952,Tubulo-Interstitial  in Other
D948,Tubulo-Interstitial Nephritis
D14,Tularemia
D1270,Tumor Markers
D1180,Turner Syndrome
D568,Tympanic Membrane
D567,Tympanic Membrane Perforation
D324,Type 1 Diabetes
D325,Type 2 Diabetes
D1,Typhoid Fevers
D54,Typhus Fever
D753,Ulcerative Colitis
D1585,Ultraviolet Light Exposure
D747,Umbilical Hernia
D273,Uncertain Behavior CNS Neoplasm
D266,Uncertain Behavior Digestive Neoplasm
D274,Uncertain Behavior Endocrine Neoplasm
D268,Uncertain Behavior Female Genital Neoplasm
D270,Uncertain Behavior Male Genital Neoplasm
D272,Uncertain Behavior Meningeal Neoplasm
D278,Uncertain Behavior Other Neoplasms
D267,Uncertain Behavior Respiratory Neoplasm
D271,Uncertain Behavior Urinary Neoplasm
D1077,Uncomplicated Delivery
D1641,Undetermined Contact with Heat
D1637,Undetermined Drowning
D1645,Undetermined Events
D1643,Undetermined Fall from High Place
D1640,Undetermined Fire Exposure
D1639,Undetermined Firearm Discharge
D1638,Undetermined Handgun Discharge
D1642,Undetermined Sharp Object Contact
D1644,Undetermined Vehicle Crash
D665,Unidentified Influenza Virus Infection
D1271,Unknown Death Cause
D1229,Unknown Origin Fever
D751,Unspecified Abdominal Hernia with Gangrene
D432,Unspecified Adult Personality
D743,Unspecified Appendicitis
D869,Unspecified Arthropathy
D279,Unspecified Behavior Neoplasms
D425,Unspecified Behavioral Syndromes
D988,Unspecified Breast Lump
D1386,Unspecified Burns
D1507,Unspecified Bus Accident
D1479,Unspecified Car Accident
D688,Unspecified Chronic Bronchitis
D805,Unspecified Contact Dermatitis
D1457,Unspecified Cycle Accident
D383,Unspecified Dementia
D810,Unspecified Dermatitis
D444,Unspecified Developmental
D1666,Unspecified Device Incident
D610,Unspecified Endocarditis
D1427,Unspecified External Effects
D1546,Unspecified Fall
D575,Unspecified Hearing Loss
D1499,Unspecified Heavy Vehicle Accident
D1237,Unspecified Hemorrhage
D1246,Unspecified Illness
D139,Unspecified Infections
D9,Unspecified Infectious Gastroenteritis and Colitis
D1371,Unspecified Injury
D438,Unspecified Intellectual Disabilities
D955,Unspecified Kidney Failure
D228,Unspecified Leukemia
D675,Unspecified Lower Respiratory Infection
D111,Unspecified Malaria
D982,Unspecified Male Genital
D1653,Unspecified Medical Misadventure
D455,Unspecified Meningitis
D451,Unspecified Mental
D388,Unspecified Mental  due to Physiology
D411,Unspecified Mood
D1467,Unspecified Motorcycle Accident
D107,Unspecified Mycosis
D502,Unspecified Myopathies
D942,Unspecified Nephritic Syndrome with C3 Glomerulonephritis
D517,Unspecified Nervous System
D1447,Unspecified Pedestrian Accident
D1489,Unspecified Pickup Accident
D697,Unspecified Pneumoconiosis
D672,Unspecified Pneumonia
D345,Unspecified Protein-Calorie Malnutrition
D405,Unspecified Psychosis
D958,Unspecified Renal Colic
D215,Unspecified Site Cancer
D48,Unspecified STD
D40,Unspecified Syphilis
D147,Unspecified Three-Wheeled Accident
D1418,Unspecified Toxin
D1527,Unspecified Transport Accident
D63,Unspecified Viral Encephalitis
D85,Unspecified Viral Hepatitis
D92,Unspecified Viral Infection
D79,Unspecified Viral Skin and Mucous Membrane Lesions
D1722,Upbringing Problems
D1312,Upper Arm Wound
D1379,Upper Limb Burns
D1158,Upper Limb Defects
D490,Upper Limb Mononeuropathies
D662,Upper Respiratory Infections
D685,Upper Respiratory Tract
D199,Ureter Cancer
D1149,Ureter Malformations
D1216,Urethral Discharge
D969,Urethral Stricture
D968,Urethritis and Urethral Syndrome
D1212,Urinary Incontinence
D201,Urinary Organ Cancer
D1151,Urinary System Malformations
D1258,Urine Findings
D1213,Urine Retention
D817,Urticaria
D1004,Uterine
D1012,Uterine Bleeding
D188,Uterine Cancer
D992,Uterine Inflammation
D254,Uterine Leiomyoma
D1141,Uterine Malformations
D186,Vagina Cancer
D1008,Vaginal
D997,Vaginal and Vulvar Inflammation
D1119,Valve Malform
D1120,Valve Malformations
D310,Variable Immunodeficiency
D646,Varicose Veins of Lower Extremities
D648,Varicose Veins of Other Sites
D482,Vascular Brain Syndromes
D381,Vascular Dementia
D1124,Vascular System Malformations
D676,Vasomotor and Allergic Rhinitis
D1517,Vehicle Accident Unspecified
D1622,Vehicle Crash Suicide
D645,Venous Embolism and Thrombosis
D748,Ventral Hernia
D572,Vestibular Function
D138,Viral  Causes
D90,Viral Conjunctivitis
D71,Viral Hemorrhagic Fevers
D64,Viral Meningitis
D666,Viral Pneumonia
D78,Viral Skin and Mucous Membrane Lesions
D77,Viral Warts
D552,Visual Disturbances
D346,Vitamin A Deficiency
D281,Vitamin B12 Deficiency Anemia
D350,Vitamin C Deficiency
D351,Vitamin D Deficiency
D840,Vitiligo
D544,Vitreous Body
D109,Vivax Malaria
D684,Vocal Cord
D1228,Voice
D377,Volume Depletion
D185,Vulva Cancer
D1009,Vulvar
D998,Vulvovaginal  in Other
D1647,War Operations
D1543,Water Fall
D1518,Watercraft Drowning
D1519,Watercraft Injury
D1532,Wheelchair Fall
D301,White Blood Cell
D27,Whooping Cough
D1334,Wrist Dislocation
D1331,Wrist Injury
D355,Zinc Deficiency
D20,Zoonotic Bacterial
D104,Zygomycosis